,cpu,cpu_point
0,AMD Ryzen Threadripper PRO 5995WX,97275
1,AMD EPYC 7773X,90731
2,AMD EPYC 7J13,86006
3,AMD EPYC 7763,85944
4,AMD EPYC 7713,85521
5,AMD EPYC 7713P,83155
6,AMD Ryzen Threadripper PRO 3995WX,83153
7,AMD Ryzen Threadripper 3990X,81282
8,AMD Ryzen Threadripper PRO 5975WX,78496
9,AMD EPYC 7B13,77460
10,AMD EPYC 7643,76455
11,AMD EPYC 7662,73143
12,AMD EPYC 7702,71509
13,AMD EPYC 7742,68749
14,AMD EPYC 75F3,68505
15,AMD Ryzen Threadripper PRO 5965WX,67610
16,AMD EPYC 7543P,66964
17,AMD EPYC 7R32,64727
18,AMD Ryzen 9 7950X,64572
19,AMD Ryzen Threadripper 3970X,63548
20,AMD Ryzen Threadripper PRO 3975WX,62878
21,Intel Xeon Platinum 8380 @ 2.30GHz,62318
22,AMD EPYC 7702P,62278
23,AMD EPYC 74F3,60686
24,AMD EPYC 7513,59988
25,AMD EPYC 7642,59126
26,AMD EPYC 7443P,57490
27,AMD EPYC 7542,56728
28,AMD EPYC 7543,56562
29,AMD EPYC 7532,55358
30,AMD EPYC 7453,54999
31,AMD Ryzen Threadripper 3960X,54803
32,Intel Core i9-13900K,54433
33,Intel Xeon Platinum 8358 @ 2.60GHz,54416
34,Intel Xeon W-3375 @ 2.50GHz,53266
35,Intel Xeon Gold 6348 @ 2.60GHz,52276
36,Intel Xeon Platinum 8375C @ 2.90GHz,51836
37,AMD Ryzen 9 7900X,51198
38,Intel Xeon Gold 6314U @ 2.30GHz,51014
39,AMD EPYC 7413,50223
40,AMD Ryzen Threadripper PRO 5955WX,49726
41,Intel Xeon Platinum 8347C @ 2.10GHz,49386
42,AMD EPYC 7502,49178
43,AMD EPYC 7502P,48995
44,Intel Xeon Gold 6342 @ 2.80GHz,48330
45,Intel Xeon W-3345 @ 3.00GHz,48261
46,AMD EPYC 7402,47743
47,Intel Xeon Gold 6338N @ 2.20GHz,46583
48,ARM Neoverse-N1 128 Core 3000 MHz,46271
49,AMD EPYC 73F3,46085
50,AMD EPYC 7343,45882
51,AMD Ryzen 9 5950X,45854
52,Intel Xeon Gold 6336Y @ 2.40GHz,45517
53,Intel Core i9-12900KS,44781
54,AMD EPYC 7551P,44111
55,Intel Xeon Gold 6312U @ 2.40GHz,43745
56,Intel Xeon Gold 6330 @ 2.00GHz,43056
57,AMD EPYC 7601,42244
58,AMD EPYC 7313P,41884
59,AMD EPYC 7452,41871
60,Intel Core i9-12900KF,41502
61,Intel Core i9-12900K,41463
62,Intel Xeon Gold 6354 @ 3.00GHz,41434
63,AMD EPYC 7402P,41098
64,Apple M1 Ultra 20 Core,41049
65,AMD EPYC 7F52,41023
66,AMD EPYC 7313,40936
67,Intel Xeon Platinum 8275CL @ 3.00GHz,40794
68,AMD Ryzen Threadripper PRO 5945WX,40784
69,Intel Xeon W-3275M @ 2.50GHz,40767
70,AMD EPYC 7K62,40487
71,AMD EPYC 7352,39999
72,AMD Ryzen Threadripper PRO 3955WX,39961
73,Intel Xeon W-3265M @ 2.70GHz,39618
74,AMD Ryzen 9 5900X,39314
75,AMD Ryzen 9 3950X,39033
76,Intel Xeon W-3335 @ 3.40GHz,38944
77,Intel Xeon Gold 6248R @ 3.00GHz,38604
78,ARM Neoverse-N1 80 Core 3000 MHz,37760
79,Intel Xeon Gold 6346 @ 3.10GHz,37606
80,Intel Xeon Platinum 8280 @ 2.70GHz,37575
81,Intel Xeon Gold 6238R @ 2.20GHz,37511
82,Intel Core i9-12900F,37342
83,Intel Xeon Silver 4316 @ 2.30GHz,37264
84,Intel Xeon W-3175X @ 3.10GHz,37167
85,Intel Core i9-12900,36307
86,Intel Core i9-12900HX,35595
87,Intel Xeon Gold 6242R @ 3.10GHz,35356
88,Intel Xeon Gold 6326 @ 2.90GHz,35328
89,Intel Xeon Platinum 8180 @ 2.50GHz,35208
90,Intel Core i7-12800HX,34898
91,AMD Ryzen 9 5900,34617
92,Intel Core i7-12700K,34614
93,Intel Core i7-13700,34431
94,Intel Core i7-12700KF,34381
95,AMD Ryzen 9 PRO 5945,34271
96,Intel Xeon Platinum 8260M @ 2.30GHz,33970
97,AMD EPYC 7302,33863
98,Intel Xeon D-2799 @ 2.40GHz,33792
99,Intel Xeon Gold 6230R @ 2.10GHz,33733
100,Intel Xeon Gold 5220R @ 2.20GHz,33370
101,AMD Ryzen Threadripper PRO 3945WX,33309
102,Intel Xeon Platinum 8259CL @ 2.50GHz,33279
103,Intel Core i9-10980XE @ 3.00GHz,33263
104,Intel Core i9-12900T,33060
105,AMD Ryzen 9 3900XT,32950
106,AMD EPYC 7302P,32871
107,Intel Xeon Gold 6278C @ 2.60GHz,32835
108,AMD Ryzen 9 3900X,32764
109,Intel Xeon Platinum 8168 @ 2.70GHz,32616
110,AMD Ryzen Threadripper 2990WX,32370
111,Intel Core i9-9980XE @ 3.00GHz,32214
112,Intel Xeon W-3245M @ 3.20GHz,32161
113,Intel Core i9-12950HX,32150
114,Intel Xeon W-2295 @ 3.00GHz,31594
115,Intel Core i7-12700F,31518
116,AMD Ryzen 9 PRO 3900,31407
117,Intel Core i7-12700,31285
118,AMD EPYC 7371,31094
119,Intel Core i7-12850HX,31062
120,Intel Core i9-9960X @ 3.10GHz,30778
121,Intel Core i5-13500,30650
122,Intel Xeon Platinum 8171M @ 2.60GHz,30632
123,AMD Ryzen 9 3900,30631
124,AMD EPYC Embedded 7292P,30542
125,AMD EPYC 7282,30354
126,AMD Ryzen Threadripper 2970WX,30304
127,Intel Xeon Gold 6246R @ 3.40GHz,30220
128,Intel Core i9-9990XE @ 4.00GHz,30162
129,Intel Core i9-7980XE @ 2.60GHz,30133
130,Intel Xeon W-3265 @ 2.70GHz,30105
131,Intel Xeon Platinum 8268 @ 2.90GHz,30103
132,Intel Xeon Silver 4314 @ 2.40GHz,30043
133,AMD Ryzen Threadripper 2950X,29592
134,Intel Core i9-12900HK,29389
135,Intel Xeon Gold 6254 @ 3.10GHz,29356
136,Intel Xeon Gold 6148 @ 2.40GHz,29147
137,Intel Xeon W-2191B @ 2.30GHz,29146
138,Intel Core i9-12900H,29050
139,Intel Xeon Gold 6210U @ 2.50GHz,28915
140,Intel Xeon Gold 6154 @ 3.00GHz,28848
141,Intel Xeon Gold 5317 @ 3.00GHz,28580
142,Intel Xeon Gold 6253CL @ 3.10GHz,28549
143,Intel Xeon W-3245 @ 3.20GHz,28531
144,Intel Core i9-10940X @ 3.30GHz,28392
145,Intel Core i9-9940X @ 3.30GHz,28379
146,AMD EPYC 7401P,28282
147,AMD Ryzen 5 7600X,28265
148,Intel Core i7-12700E,28217
149,AMD Ryzen 7 5800X,28142
150,Intel Xeon W-2195 @ 2.30GHz,28086
151,ARM Neoverse-N1 64 Core 0 MHz,28079
152,AMD Ryzen Threadripper 1950X,27952
153,Intel Xeon W-2275 @ 3.30GHz,27918
154,Intel Core i5-12600K,27677
155,Intel Xeon Gold 6238 @ 2.10GHz,27617
156,AMD Ryzen 7 5800X3D,27561
157,Intel Xeon Gold 6212U @ 2.40GHz,27470
158,AMD EPYC 7571,27445
159,Intel Xeon Gold 5318Y @ 2.10GHz,27422
160,Intel Xeon Gold 6226R @ 2.90GHz,27406
161,Intel Xeon Platinum 8173M @ 2.00GHz,27377
162,Intel Core i5-12600KF,27233
163,Intel Xeon Gold 6252 @ 2.10GHz,27148
164,Intel Core i9-7960X @ 2.80GHz,27068
165,Intel Xeon Gold 6208U @ 2.90GHz,26901
166,Intel Core i7-12700H,26861
167,AMD Ryzen 7 PRO 5845,26807
168,Intel Xeon Platinum 8175M @ 2.50GHz,26659
169,Intel Xeon Gold 6230 @ 2.10GHz,26657
170,AMD Ryzen 7 5700X,26622
171,Intel Core i9-10920X @ 3.50GHz,26544
172,Intel Xeon Platinum 8160 @ 2.10GHz,26485
173,AMD Ryzen Threadripper 2990X,26469
174,AMD EPYC 7272,26446
175,Intel Core i9-7940X @ 3.10GHz,26418
176,Intel Core i5-13400,26355
177,Intel Xeon Gold 6242 @ 2.80GHz,26288
178,Intel Xeon W-3235 @ 3.30GHz,26076
179,Intel Xeon W-2265 @ 3.50GHz,26005
180,AMD Ryzen 7 5800,25893
181,Intel Xeon W-3323 @ 3.50GHz,25875
182,Intel Xeon Gold 5220 @ 2.20GHz,25740
183,Intel Xeon W-1390P @ 3.50GHz,25659
184,Intel Xeon E5-2698R v4 @ 2.20GHz,25605
185,Intel Core i9-11900K @ 3.50GHz,25550
186,AMD EPYC 7351P,25484
187,Intel Xeon E5-2696 v4 @ 2.20GHz,25443
188,Intel Core i9-11900KF @ 3.50GHz,25423
189,Intel Xeon Platinum 8167M @ 2.00GHz,25396
190,Intel Core i9-9920X @ 3.50GHz,25333
191,Intel Xeon Gold 5218R @ 2.10GHz,25190
192,AMD Ryzen Threadripper 2920X,25190
193,Intel Xeon E5-2699 v4 @ 2.20GHz,25070
194,Intel Xeon W-1370P @ 3.60GHz,24975
195,AMD EPYC 7501,24925
196,AMD Ryzen 7 PRO 5750G,24861
197,AMD Ryzen 9 6900HX,24830
198,Intel Xeon Gold 6138T @ 2.00GHz,24800
199,Intel Xeon Gold 6143 @ 2.80GHz,24786
200,AMD Ryzen 7 5700,24766
201,Intel Core i7-12650H,24747
202,Intel Xeon Platinum 8124M @ 3.00GHz,24727
203,Intel Core i7-11700K @ 3.60GHz,24669
204,AMD Ryzen 7 5700G,24569
205,AMD Ryzen 9 PRO 6950H,24504
206,Intel Xeon Gold 6150 @ 2.70GHz,24489
207,Intel Xeon Gold 6246 @ 3.30GHz,24446
208,Intel Core i7-12800H,24235
209,Intel Xeon Gold 6248 @ 2.50GHz,24234
210,AMD Ryzen 9 6900HS,24150
211,Intel Core i7-11700KF @ 3.60GHz,24091
212,Intel Xeon W-2170B @ 2.50GHz,24059
213,Intel Xeon W-1370 @ 2.90GHz,23908
214,AMD Ryzen 9 PRO 6950HS,23843
215,Intel Xeon W-1390 @ 2.80GHz,23793
216,Intel Xeon E-2388G @ 3.20GHz,23785
217,AMD Ryzen 7 3800XT,23766
218,Intel Xeon E5-2696 v3 @ 2.30GHz,23734
219,AMD Ryzen 7 6800H,23707
220,Intel Xeon W-11865MRE @ 2.60GHz,23702
221,AMD Ryzen 7 6800HS Creator Edition,23641
222,Intel Xeon Silver 4310 @ 2.10GHz,23589
223,Intel Core i9-7920X @ 2.90GHz,23579
224,Intel Core i9-10900K @ 3.70GHz,23574
225,AMD EPYC 7351,23566
226,AMD Ryzen 7 PRO 6850H,23543
227,Intel Xeon E5-2679 v4 @ 2.50GHz,23512
228,Intel Core i5-12600HX,23493
229,Intel Core i9-11980HK @ 2.60GHz,23452
230,Intel Xeon Gold 6146 @ 3.20GHz,23432
231,Intel Core i9-10900KF @ 3.70GHz,23319
232,AMD Ryzen 7 3800X,23311
233,Intel Xeon W-11955M @ 2.60GHz,23238
234,Intel Core i7-12700T,23210
235,Intel Xeon Platinum 8176 @ 2.10GHz,23179
236,Intel Xeon W-2175 @ 2.50GHz,23161
237,Intel Xeon Gold 6152 @ 2.10GHz,23124
238,AMD Ryzen 9 5980HX,23076
239,AMD Ryzen 7 PRO 3700,23045
240,AMD EPYC 7F32,23026
241,Intel Core i9-11900 @ 2.50GHz,22996
242,AMD Ryzen 9 5900HX,22995
243,Intel Core i9-11900F @ 2.50GHz,22995
244,Intel Xeon W-1290P @ 3.70GHz,22902
245,Intel Core i9-10850K @ 3.60GHz,22895
246,AMD Ryzen Threadripper 1920X,22773
247,Intel Xeon E-2378G @ 2.80GHz,22755
248,Intel Xeon Gold 6140 @ 2.30GHz,22733
249,AMD Ryzen 7 3700X,22709
250,Intel Core i9-11900KB @ 3.30GHz,22695
251,AMD Ryzen 7 6800HS,22681
252,Intel Xeon Platinum P-8124 @ 3.00GHz,22674
253,Intel Core i9-10900X @ 3.70GHz,22657
254,Intel Core i5-12600H,22624
255,Intel Core i7-11700B @ 3.20GHz,22600
256,AMD Ryzen 7 5700GE,22484
257,Intel Core i9-11950H @ 2.60GHz,22359
258,Intel Xeon W-2255 @ 3.70GHz,22333
259,Intel Xeon Gold 6136 @ 3.00GHz,22266
260,AMD Ryzen 9 6900HS Creator Edition,22265
261,AMD Ryzen 7 PRO 5750GE,22258
262,Apple M1 Max 10 Core 3200 MHz,22249
263,Intel Xeon Gold 6334 @ 3.60GHz,22160
264,AMD Ryzen 9 5900HS,22153
265,AMD Ryzen 7 PRO 6860Z,22152
266,Intel Xeon Gold 5218 @ 2.30GHz,22117
267,AMD Ryzen Threadripper 1920,22066
268,Intel Xeon W-1290E @ 3.50GHz,22066
269,Apple M1 Pro 10 Core 3200 MHz,22033
270,AMD EPYC 7551,22005
271,Intel Xeon E5-2698 v4 @ 2.20GHz,21996
272,AMD EPYC 7281,21981
273,AMD Ryzen 5 5600X,21970
274,Intel Core i9-9900X @ 3.50GHz,21874
275,Intel Xeon Gold 6132 @ 2.60GHz,21808
276,Intel Xeon Gold 6130T @ 2.10GHz,21804
277,AMD Ryzen 5 PRO 5645,21762
278,Intel Core i9-10910 @ 3.60GHz,21753
279,Intel Xeon E5-2697A v4 @ 2.60GHz,21665
280,Intel Core i5-12500H,21664
281,AMD Ryzen 5 5600,21508
282,AMD Ryzen 9 5980HS,21491
283,AMD Ryzen 7 5800H,21350
284,Intel Core i9-7900X @ 3.30GHz,21268
285,Intel Xeon W-2155 @ 3.30GHz,21260
286,Intel Core i5-12490F,21241
287,Intel Core i7-11700F @ 2.50GHz,21208
288,Intel Core i5-12600,21182
289,Intel Core i7-11800H @ 2.30GHz,21136
290,Intel Xeon E5-2697 v4 @ 2.30GHz,21125
291,Intel Core i7-11850H @ 2.50GHz,21121
292,Intel Core i9-11900H @ 2.50GHz,21063
293,AMD Ryzen 7 6800U,21036
294,AMD Ryzen 7 PRO 6850U,21020
295,Intel Xeon Silver 4310T @ 2.30GHz,20973
296,AMD Ryzen 9 5900H,20960
297,AMD Ryzen 7 5800HS Creator Edition,20948
298,Intel Xeon Gold 6250 @ 3.90GHz,20915
299,AMD Ryzen 7 PRO 4700G,20848
300,Intel Xeon E5-2697R v4 @ 2.30GHz,20843
301,AMD EPYC 7262,20827
302,Intel Xeon Gold 5315Y @ 3.20GHz,20724
303,Intel Xeon Gold 6130 @ 2.10GHz,20721
304,Intel Core i7-12700TE,20712
305,Intel Core i9-10900F @ 2.80GHz,20673
306,Intel Xeon Gold 6138 @ 2.00GHz,20666
307,AMD Ryzen 7 5800HS,20661
308,Intel Core i9-10900E @ 2.80GHz,20658
309,AMD Ryzen 7 PRO 4750G,20570
310,AMD EPYC 7451,20471
311,Intel Xeon W-2150B @ 3.00GHz,20429
312,Intel Xeon Gold 6244 @ 3.60GHz,20402
313,Intel Xeon E5-2699 v3 @ 2.30GHz,20349
314,Intel Core i7-7900X @ 3.30GHz,20324
315,Intel Core i5-12500,20303
316,Intel Core i9-10900 @ 2.80GHz,20293
317,Intel Xeon W-1290 @ 3.20GHz,20270
318,AMD Ryzen 7 4700GE,20218
319,AMD Ryzen 7 4700G,20207
320,Intel Xeon E-2386G @ 3.50GHz,20194
321,AMD Ryzen 5 PRO 5650G,20159
322,AMD Ryzen 5 PRO 6650H,20103
323,Intel Core i7-11700 @ 2.50GHz,20085
324,Intel Xeon E5-2699C v4 @ 2.20GHz,20079
325,Intel Xeon Silver 4216 @ 2.10GHz,20069
326,Intel Xeon E5-2690 v4 @ 2.60GHz,20067
327,AMD Ryzen 7 PRO 6850HS,20062
328,Intel Xeon W-1350P @ 4.00GHz,20032
329,Intel Xeon E5-2673 v4 @ 2.30GHz,19868
330,Intel Core i7-1280P,19845
331,AMD Ryzen 5 5600G,19834
332,Intel Xeon D-1747NTE @ 2.50GHz,19822
333,Intel Xeon Gold 6226 @ 2.70GHz,19810
334,Intel Core i5-12400F,19783
335,Intel Core i5-11600K @ 3.90GHz,19736
336,Intel Core i5-11600KF @ 3.90GHz,19705
337,Intel Xeon E5-2682 v4 @ 2.50GHz,19564
338,Intel Core i9-9900KS @ 4.00GHz,19557
339,AMD EPYC 7252,19550
340,Intel Xeon W-2245 @ 3.90GHz,19503
341,Intel Core i5-12400,19501
342,Intel Xeon E5-2695 v4 @ 2.10GHz,19484
343,AMD Ryzen 5 5500,19483
344,Intel Core i9-9820X @ 3.30GHz,19371
345,Intel Xeon Gold 6137 @ 3.90GHz,19365
346,AMD Ryzen 9 4900HS,19335
347,Intel Xeon E-2356G @ 3.20GHz,19280
348,Intel Xeon E5-2697 v3 @ 2.60GHz,19276
349,Intel Xeon W-1270P @ 3.80GHz,19245
350,Intel Xeon Gold 6126 @ 2.60GHz,19223
351,AMD Ryzen 9 4900H,19220
352,Intel Core i7-10700K @ 3.80GHz,19190
353,AMD Ryzen 5 6600H,19139
354,Intel Xeon W-1350 @ 3.30GHz,19120
355,Intel Core i7-10700KF @ 3.80GHz,19033
356,Intel Xeon Silver 4309Y @ 2.80GHz,19011
357,Intel Xeon E5-2676 v4 @ 2.40GHz,18978
358,AMD Ryzen 5 6600HS Creator Edition,18975
359,AMD Ryzen 7 4800H,18951
360,AMD Ryzen 5 5600GE,18879
361,Hygon C86 7255 16-core,18831
362,ARM Neoverse-N1 80 Core 2600 MHz,18823
363,AMD Ryzen 7 4800HS,18816
364,AMD Ryzen 7 5800U,18813
365,AMD Ryzen 5 3600XT,18731
366,AMD Ryzen 5 PRO 5650GE,18657
367,Intel Xeon Gold 6144 @ 3.50GHz,18656
368,Intel Core i9-9900K @ 3.60GHz,18636
369,Intel Xeon W-1270E @ 3.40GHz,18635
370,Intel Core i9-9900KF @ 3.60GHz,18599
371,Intel Xeon E5-2698 v3 @ 2.30GHz,18489
372,Intel Xeon W-11855M @ 3.20GHz,18489
373,AMD Ryzen 7 PRO 4750GE,18470
374,Intel Core i9-11900T @ 1.50GHz,18444
375,Intel Xeon W-1290T @ 1.90GHz,18409
376,Intel Xeon D-2183IT @ 2.20GHz,18385
377,Intel Core i5-12450H,18362
378,AMD Ryzen 7 5825U,18326
379,Intel Core i7-1270P,18304
380,AMD Ryzen 5 3600X,18297
381,Intel Xeon E7-8880 v3 @ 2.30GHz,18244
382,Intel Core i5-11600 @ 2.80GHz,18241
383,AMD Ryzen 7 Extreme Edition,18192
384,Intel Xeon W-2145 @ 3.70GHz,18158
385,Intel Xeon E5-2686 v3 @ 2.00GHz,18148
386,Intel Xeon Silver 4214R @ 2.40GHz,18130
387,Intel Xeon Gold 5120T @ 2.20GHz,18127
388,AMD 4700S,18098
389,Intel Core i7-9800X @ 3.80GHz,18096
390,Intel Xeon D-2187NT @ 2.00GHz,18070
391,Intel Core i9-10900TE @ 1.80GHz,17888
392,Intel Xeon W-1270 @ 3.40GHz,17839
393,AMD Ryzen 5 3600,17816
394,Intel Xeon E5-2680 v4 @ 2.40GHz,17815
395,AMD Ryzen 5 PRO 3600,17813
396,AMD Ryzen 5 6600U,17804
397,Intel Core i5-11500B @ 3.30GHz,17801
398,Intel Xeon E-2378 @ 2.60GHz,17789
399,Intel Xeon Gold 5120 @ 2.20GHz,17686
400,Intel Core i5-11500 @ 2.70GHz,17628
401,AMD Ryzen 7 2700X,17604
402,Intel Core i5-12500T,17571
403,Intel Xeon W-2140B @ 3.20GHz,17554
404,AMD Ryzen 7 4980U Microsoft Surface Edition,17532
405,Intel Xeon E5-2687W v4 @ 3.00GHz,17501
406,Intel Xeon W-3223 @ 3.50GHz,17476
407,Intel Xeon E5-4669 v3 @ 2.10GHz,17430
408,Intel Xeon E-2288G @ 3.70GHz,17401
409,AMD Ryzen 7 PRO 5850U,17397
410,Intel Core i5-1250P,17368
411,Apple M1 Pro 8 Core 3200 MHz,17295
412,Intel Core i7-7820X @ 3.60GHz,17234
413,AMD Ryzen 7 PRO 2700X,17221
414,Intel Core i7-6950X @ 3.00GHz,17215
415,Intel Core i5-11400F @ 2.60GHz,17200
416,Intel Core i5-1240P,17157
417,AMD Ryzen 5 5600H,17126
418,Intel Core i7-1260P,17104
419,Intel Core i5-11400 @ 2.60GHz,17074
420,Intel Xeon E5-2683 v4 @ 2.10GHz,17074
421,AMD Ryzen 5 PRO 6650U,17057
422,Intel Xeon E5-2689 v4 @ 3.10GHz,17040
423,AMD EPYC 7232P,17017
424,Intel Xeon E-2336 @ 2.90GHz,17014
425,Intel Core i7-10700F @ 2.90GHz,17008
426,AMD Ryzen 7 4800U,17004
427,AMD Ryzen Threadripper 1900X,16999
428,Intel Xeon W-11865MLE @ 1.50GHz,16965
429,Intel Xeon E-2278G @ 3.40GHz,16884
430,Intel Core i5-12500TE,16865
431,Intel Xeon E5-2680R v4 @ 2.40GHz,16865
432,Intel Core i9-9900 @ 3.10GHz,16835
433,Intel Core i7-10700 @ 2.90GHz,16809
434,Intel Xeon E5-2686 v4 @ 2.30GHz,16745
435,Intel Core i5-12600T,16532
436,Intel Xeon Gold 6134 @ 3.20GHz,16518
437,Intel Xeon E5-2690 v3 @ 2.60GHz,16501
438,AMD Ryzen Embedded V2718,16500
439,Intel Xeon E5-2695 v3 @ 2.30GHz,16455
440,AMD Ryzen 7 1800X,16450
441,Intel Core i7-10700E @ 2.90GHz,16418
442,Intel Core i5-12400T,16405
443,AMD Ryzen 7 PRO 5875U,16367
444,AMD Ryzen 5 PRO 4400G,16354
445,Intel Core i7-10700TE @ 2.00GHz,16332
446,AMD Ryzen 5 PRO 4650G,16321
447,AMD Ryzen Embedded V2748,16241
448,Intel Xeon Gold 5118 @ 2.30GHz,16237
449,Intel Xeon D-2733NT @ 2.10GHz,16208
450,Intel Core i5-11500H @ 2.90GHz,16133
451,Intel Xeon E5-2669 v3 @ 2.30GHz,16107
452,Intel Xeon E5-2660 v4 @ 2.00GHz,16085
453,Intel Core i9-10980HK @ 2.40GHz,16058
454,Intel Xeon W-10885M @ 2.40GHz,16029
455,Intel Core i5-11400H @ 2.70GHz,15991
456,AMD Ryzen 7 4850U Mobile,15920
457,Intel Core i7-11600H @ 2.90GHz,15907
458,AMD Ryzen 7 5700U,15891
459,AMD Ryzen 5 4500,15887
460,Intel Xeon Gold 5117 @ 2.00GHz,15816
461,AMD Ryzen 7 2700,15785
462,Intel Xeon Silver 4214 @ 2.20GHz,15772
463,Intel Core i5-11260H @ 2.60GHz,15713
464,AMD Ryzen 7 1700X,15685
465,Intel Core i3-1220P,15651
466,AMD Ryzen 5 4600GE,15641
467,Intel Core i7-11700T @ 1.40GHz,15621
468,AMD Ryzen 7 PRO 1700X,15613
469,AMD Ryzen 5 4600G,15604
470,AMD Ryzen 5 PRO 4650GE,15601
471,Intel Core i9-10885H @ 2.40GHz,15574
472,Apple M2 8 Core 3500 MHz,15533
473,Intel Xeon E5-2680 v3 @ 2.50GHz,15525
474,Intel Xeon Gold 5217 @ 3.00GHz,15429
475,Intel Xeon Gold 5215 @ 2.50GHz,15420
476,AMD Ryzen 5 5560U,15408
477,Intel Xeon E5-4667 v3 @ 2.00GHz,15397
478,AMD Ryzen 7 PRO 4750U,15376
479,Intel Core i5-11600T @ 1.70GHz,15352
480,Intel Core i7-10875H @ 2.30GHz,15340
481,AMD Ryzen 5 5600U,15317
482,Intel Xeon E-2278GE @ 3.30GHz,15252
483,Intel Xeon Silver 4214Y @ 2.20GHz,15248
484,Intel Xeon E-2286M @ 2.40GHz,15220
485,Intel Core i9-10900T @ 1.90GHz,15209
486,AMD Ryzen 7 PRO 2700,15203
487,Intel Xeon Silver 4116T @ 2.10GHz,15187
488,Intel Xeon Silver 4210R @ 2.40GHz,15155
489,AMD Ryzen 5 PRO 5650U,15128
490,Intel Xeon D-2166NT @ 2.00GHz,15105
491,Intel Xeon Silver 4215R @ 3.20GHz,15056
492,Intel Xeon E5-2683 v3 @ 2.00GHz,15050
493,Intel Core i3-12300,15023
494,AMD EPYC 7301,14991
495,AMD EPYC 7251,14935
496,Intel Xeon Silver 4116 @ 2.10GHz,14931
497,Intel Xeon E5-2699A v4 @ 2.40GHz,14917
498,Intel Xeon E5-2666 v3 @ 2.90GHz,14899
499,Intel Xeon E5-2658A v3 @ 2.20GHz,14879
500,Intel Core i7-10870H @ 2.20GHz,14853
501,Intel Xeon D-1733NT @ 2.00GHz,14849
502,AMD Ryzen 7 1700,14838
503,Intel Xeon E5-1681 v3 @ 2.90GHz,14820
504,AMD Ryzen 5 PRO 4400GE,14795
505,Intel Xeon E5-2687W v3 @ 3.10GHz,14784
506,AMD Ryzen 5 4600HS,14741
507,Intel Core i9-10880H @ 2.30GHz,14735
508,AMD Ryzen 5 4600H,14678
509,AMD Ryzen 7 2700E,14657
510,Intel Xeon E5-2678 v3 @ 2.50GHz,14638
511,AMD Ryzen 7 PRO 1700,14568
512,Intel Core i7-9700K @ 3.60GHz,14555
513,Intel Core i9-9980HK @ 2.40GHz,14554
514,Intel Xeon E5-2676 v3 @ 2.40GHz,14537
515,Intel Core i5-10600KF @ 4.10GHz,14518
516,Intel Core i7-8086K @ 4.00GHz,14513
517,Intel Core i5-10600K @ 4.10GHz,14506
518,AMD Ryzen 5 5625U,14484
519,Intel Xeon W-1250P @ 4.10GHz,14476
520,Apple M1 8 Core 3200 MHz,14458
521,Intel Xeon Silver 4215 @ 2.50GHz,14439
522,Intel Core i7-9700KF @ 3.60GHz,14435
523,Intel Xeon E5-2658 v4 @ 2.30GHz,14434
524,Intel Xeon Silver 4123 @ 3.00GHz,14405
525,Intel Core i3-12100F,14379
526,Intel Core i3-12100,14362
527,Intel Core i7-6900K @ 3.20GHz,14360
528,Intel Xeon E5-2696 v2 @ 2.50GHz,14360
529,Intel Xeon E-2236 @ 3.40GHz,14316
530,Intel Xeon W-2235 @ 3.80GHz,14305
531,Intel Xeon Silver 4210 @ 2.20GHz,14285
532,Intel Xeon Gold 6128 @ 3.40GHz,14273
533,Intel Xeon E5-4660 v3 @ 2.10GHz,14256
534,Intel Xeon E5-2697 v2 @ 2.70GHz,14162
535,Intel Xeon E5-1680 v4 @ 3.40GHz,14146
536,AMD Ryzen 5 PRO 5675U,14146
537,Intel Xeon W-2135 @ 3.70GHz,14133
538,Intel Xeon E-2374G @ 3.70GHz,14086
539,Intel Core i9-9900T @ 2.10GHz,14060
540,Intel Xeon E-2246G @ 3.60GHz,14050
541,AMD Ryzen 5 2600X,14029
542,Intel Xeon E5-2673 v3 @ 2.40GHz,14027
543,Intel Xeon Gold 5115 @ 2.40GHz,14007
544,Intel Core i9-9880H @ 2.30GHz,13967
545,AMD EPYC 3251,13965
546,AMD Ryzen 3 PRO 5350G,13962
547,Intel Xeon E-2186G @ 3.80GHz,13940
548,Intel Xeon E5-2667 v4 @ 3.20GHz,13934
549,Intel Xeon E5-2670 v3 @ 2.30GHz,13915
550,Intel Xeon W-1250E @ 3.50GHz,13888
551,Intel Xeon E5-2650 v4 @ 2.20GHz,13839
552,Intel Core i5-10600 @ 3.30GHz,13824
553,Intel Core i7-8700K @ 3.70GHz,13795
554,Intel Xeon W-1250 @ 3.30GHz,13776
555,AMD Ryzen 3 PRO 5350GE,13685
556,Intel Xeon E-2286G @ 4.00GHz,13682
557,Intel Xeon E-2176G @ 3.70GHz,13646
558,AMD Ryzen 3 5300GE,13636
559,AMD Ryzen 7 4700U,13556
560,Intel Xeon W-1270TE @ 2.00GHz,13553
561,Intel Xeon E5-2690 v2 @ 3.00GHz,13526
562,Intel Xeon D-1581 @ 1.80GHz,13508
563,Intel Core i5-1235U,13492
564,Intel Xeon E5-2658 v3 @ 2.20GHz,13487
565,Intel Xeon E5-2695 v2 @ 2.40GHz,13453
566,AMD Ryzen 5 4600U,13445
567,Intel Core i7-1255U,13431
568,Intel Core i7-9700F @ 3.00GHz,13428
569,Intel Xeon E5-1660 v4 @ 3.20GHz,13408
570,Intel Core i7-9700 @ 3.00GHz,13372
571,Intel Xeon E-2276G @ 3.80GHz,13371
572,Intel Xeon E-2146G @ 3.50GHz,13356
573,Intel Core i5-11400T @ 1.30GHz,13330
574,Intel Xeon E-2136 @ 3.30GHz,13274
575,Intel Xeon E5-2660 v3 @ 2.60GHz,13272
576,AMD Ryzen 5 3500X,13267
577,AMD Ryzen 5 PRO 2600,13250
578,AMD Ryzen 5 2600,13247
579,AMD Ryzen Embedded V2516,13225
580,Intel Xeon E5-1680 v3 @ 3.20GHz,13214
581,Intel Core i5-11500T @ 1.50GHz,13190
582,Intel Xeon E-2334 @ 3.40GHz,13189
583,Intel Core i7-10700T @ 2.00GHz,13164
584,AMD Ryzen 5 5500U,13151
585,Intel Core i7-1265U,13124
586,Intel Xeon D-2143IT @ 2.20GHz,13107
587,AMD Ryzen 5 1600X,13085
588,Intel Core i5-1245U,13041
589,Intel Core i7-1260U,13024
590,Intel Core i7-8700 @ 3.20GHz,13005
591,AMD Ryzen 3 5300G,13003
592,Intel Xeon E5-4627 v4 @ 2.60GHz,12969
593,Intel Core i3-12100TE,12961
594,Intel Core i5-10500 @ 3.10GHz,12955
595,Intel Xeon E5-2685 v3 @ 2.60GHz,12944
596,Intel Xeon W-10855M @ 2.80GHz,12925
597,Intel Core i7-7800X @ 3.50GHz,12898
598,Intel Xeon Silver 4114 @ 2.20GHz,12852
599,Intel Core i3-12100T,12840
600,AMD Ryzen 5 3500,12830
601,AMD Ryzen 5 PRO 4650U,12818
602,Intel Xeon E5-2618L v4 @ 2.20GHz,12816
603,Intel Core i7-9700E @ 2.60GHz,12751
604,AMD Ryzen 3 3300X,12694
605,Intel Xeon E5-2680 v2 @ 2.80GHz,12672
606,Intel Core i7-5960X @ 3.00GHz,12663
607,Intel Xeon E5-1680 v2 @ 3.00GHz,12589
608,Intel Xeon W-2133 @ 3.60GHz,12531
609,Intel Xeon E5-2649 v3 @ 2.30GHz,12399
610,Intel Core i5-10400F @ 2.90GHz,12391
611,Intel Xeon E5-1660 v3 @ 3.00GHz,12383
612,Intel Xeon E5-2667 v3 @ 3.20GHz,12378
613,Intel Core i5-10505 @ 3.20GHz,12373
614,AMD Ryzen 5 1600,12319
615,Intel Core i5-10400 @ 2.90GHz,12307
616,Intel Core i7-11375H @ 3.30GHz,12236
617,Intel Core i7-10750H @ 2.60GHz,12233
618,Intel Xeon E5-2667 v2 @ 3.30GHz,12217
619,Intel Core i3-1210U,12130
620,Intel Xeon E5-2673 v2 @ 3.30GHz,12128
621,Intel Xeon E5-2692 v2 @ 2.20GHz,12119
622,Intel Core i7-10850H @ 2.70GHz,12111
623,Intel Xeon D-2141I @ 2.20GHz,12083
624,Intel Xeon E5-2687W v2 @ 3.40GHz,12081
625,Intel Core i7-8700B @ 3.20GHz,12078
626,AMD Ryzen 3 PRO 5475U,12074
627,AMD Ryzen 5 PRO 4500U,12049
628,Intel Xeon E-2278GEL @ 2.00GHz,12024
629,Intel Core i5-1245UE,11991
630,Intel Xeon E5-2675 v3 @ 1.80GHz,11960
631,Intel Core i7-11370H @ 3.30GHz,11937
632,Intel Xeon E5-2640 v4 @ 2.40GHz,11831
633,Intel Xeon E-2276M @ 2.80GHz,11828
634,AMD Ryzen 3 5400U,11812
635,Intel Xeon E5-2650L v3 @ 1.80GHz,11806
636,Intel Xeon E5-2650 v3 @ 2.30GHz,11781
637,Intel Xeon E5-2663 v3 @ 2.80GHz,11777
638,Intel Xeon D-2146NT @ 2.30GHz,11736
639,Snapdragon 8cx Gen 3 @ 3.0 GHz,11671
640,AMD Ryzen 3 3100,11650
641,Intel Xeon D-1577 @ 1.30GHz,11645
642,Intel Xeon E5-2630 v4 @ 2.20GHz,11637
643,Intel Core i5-10500H @ 2.50GHz,11614
644,Intel Core i3-1215U,11603
645,Intel Core i7-1250U,11563
646,Intel Xeon E5-2648L v4 @ 1.80GHz,11547
647,Intel Xeon E5-4669 v4 @ 2.20GHz,11523
648,Intel Xeon E5-2670 v2 @ 2.50GHz,11470
649,Intel Xeon E5-1650 v4 @ 3.60GHz,11460
650,Intel Xeon E5-2650L v4 @ 1.70GHz,11436
651,Intel Core i7-9850H @ 2.60GHz,11417
652,Intel Xeon E5-4650 v2 @ 2.40GHz,11389
653,Intel Core i3-11100B @ 3.60GHz,11357
654,Intel Xeon E5-4657L v2 @ 2.40GHz,11353
655,Intel Core i7-6850K @ 3.60GHz,11350
656,Intel Xeon E5-4627 v3 @ 2.60GHz,11344
657,AMD Ryzen 3 4100,11336
658,Intel Xeon E-2186M @ 2.90GHz,11325
659,Intel Xeon E5-2640 v3 @ 2.60GHz,11319
660,AMD Ryzen 3 PRO 4200G,11315
661,AMD Ryzen 3 4300GE,11314
662,Intel Core i5-10500E @ 3.10GHz,11268
663,Intel Core i5-10600T @ 2.40GHz,11210
664,Intel Core i7-9750HF @ 2.60GHz,11159
665,Intel Xeon Silver 4208 @ 2.10GHz,11148
666,Intel Core i7-9750H @ 2.60GHz,11140
667,Intel Xeon E5-2643 v4 @ 3.40GHz,11087
668,AMD Ryzen 3 PRO 5450U,11082
669,AMD Ryzen 3 PRO 4350GE,11082
670,Intel Xeon E5-2628L v4 @ 1.90GHz,11079
671,AMD Ryzen 5 4500U,11053
672,Intel Core i5-11300H @ 3.10GHz,11045
673,Intel Xeon E-2176M @ 2.70GHz,11040
674,Intel Xeon E-2226G @ 3.40GHz,11036
675,Intel Core i7-1195G7 @ 2.90GHz,10982
676,AMD Ryzen 3 PRO 4200GE,10930
677,AMD Ryzen 3 5425U,10922
678,AMD Ryzen 3 PRO 4350G,10914
679,Intel Xeon E5-2630L v4 @ 1.80GHz,10864
680,Apple A12X Bionic,10853
681,Intel Xeon E5-4650 v3 @ 2.10GHz,10838
682,Intel Core i5-9600KF @ 3.70GHz,10803
683,Intel Core i5-11320H @ 3.20GHz,10802
684,Intel Xeon W-2225 @ 4.10GHz,10794
685,Intel Core i5-9600K @ 3.70GHz,10774
686,Intel Core i7-1185G7 @ 3.00GHz,10766
687,AMD Ryzen 3 4300G,10765
688,Intel Core i7-6800K @ 3.40GHz,10757
689,Intel Xeon E-2126G @ 3.30GHz,10747
690,Intel Core i9-8950HK @ 2.90GHz,10744
691,Intel Core i7-9700TE @ 1.80GHz,10740
692,Intel Core i7-9700T @ 2.00GHz,10729
693,Intel Xeon E5-2470 v2 @ 2.40GHz,10591
694,Intel Core i5-1230U,10583
695,Intel Xeon E5-2660 v2 @ 2.20GHz,10562
696,Intel Core i7-11390H @ 3.40GHz,10545
697,Intel Xeon E5-2630 v3 @ 2.40GHz,10540
698,Intel Xeon E5-4620 v3 @ 2.00GHz,10525
699,Intel Core i7-1165G7 @ 2.80GHz,10490
700,Intel Xeon E5-2618L v3 @ 2.30GHz,10464
701,Intel Core i5-1145G7E @ 2.60GHz,10454
702,Intel Xeon D-1567 @ 2.10GHz,10447
703,Intel Xeon E5-2643 v3 @ 3.40GHz,10444
704,AMD Ryzen 5 PRO 1600,10401
705,Intel Xeon E5-1650 v3 @ 3.50GHz,10389
706,Intel Core i5-9500F @ 3.00GHz,10386
707,Intel Xeon E5-4640 v3 @ 1.90GHz,10372
708,Intel Core i3-10325 @ 3.90GHz,10362
709,Intel Core i5-9600 @ 3.10GHz,10356
710,Intel Xeon Silver 4109T @ 2.00GHz,10348
711,Intel Xeon E5-2658 v2 @ 2.40GHz,10331
712,Intel Core i7-8700T @ 2.40GHz,10330
713,Intel Core i7-5930K @ 3.50GHz,10316
714,Intel Xeon E5-1660 v2 @ 3.70GHz,10309
715,Intel Core i7-8850H @ 2.60GHz,10303
716,Intel Core i5-10500T @ 2.30GHz,10292
717,AMD EPYC 3201,10258
718,Intel Core i5-8600K @ 3.60GHz,10257
719,Intel Core i5-1145G7 @ 2.60GHz,10193
720,Intel Xeon Silver 4110 @ 2.10GHz,10191
721,Intel Xeon D-1541 @ 2.10GHz,10170
722,AMD Ryzen 3 PRO 4450U,10056
723,Intel Core i5-1135G7 @ 2.40GHz,10052
724,Intel Xeon D-1540 @ 2.00GHz,10040
725,Intel Core i3-10320 @ 3.80GHz,10027
726,Intel Core i7-8750H @ 2.20GHz,10024
727,Intel Core i5-1145GRE @ 2.60GHz,10003
728,Intel Xeon E5-2650 v2 @ 2.60GHz,9995
729,Intel Core i5-10400T @ 2.00GHz,9991
730,Intel Core i5-1155G7 @ 2.50GHz,9980
731,Intel Core i7-1185G7E @ 2.80GHz,9980
732,Intel Xeon W-2125 @ 4.00GHz,9975
733,Intel Core i7-4960X @ 3.60GHz,9968
734,Intel Core i3-1125G4 @ 2.00GHz,9964
735,Intel Core i5-10500TE @ 2.30GHz,9960
736,Intel Xeon E5-2628L v3 @ 2.00GHz,9949
737,AMD Ryzen 3 5300U,9934
738,Intel Xeon E5-2687W @ 3.10GHz,9930
739,Intel Core i7-10710U @ 1.10GHz,9920
740,Intel Core i7-1068NG7 @ 2.30GHz,9917
741,Intel Xeon E-2234 @ 3.60GHz,9903
742,Intel Core i7-7740X @ 4.30GHz,9891
743,Intel Core i5-8600 @ 3.10GHz,9866
744,Intel Core i5-1140G7 @ 1.10GHz,9865
745,Intel Xeon E5-2648L v3 @ 1.80GHz,9847
746,Intel Core i7-5820K @ 3.30GHz,9828
747,Intel Xeon E5-2690 @ 2.90GHz,9812
748,Intel Xeon E5-2689 @ 2.60GHz,9771
749,Intel Core i5-9500 @ 3.00GHz,9737
750,Intel Xeon E-2244G @ 3.80GHz,9713
751,Intel Core i3-10305 @ 3.80GHz,9689
752,Intel Core i7-7700K @ 4.20GHz,9673
753,Intel Xeon E-2274G @ 4.00GHz,9660
754,AMD Ryzen 5 PRO 3350GE,9643
755,Intel Core i5-8500 @ 3.00GHz,9584
756,Intel Xeon E-2174G @ 3.80GHz,9559
757,Intel Core i5-9400F @ 2.90GHz,9543
758,Intel Core i5-1038NG7 @ 2.00GHz,9527
759,Intel Xeon Gold 5222 @ 3.80GHz,9510
760,Intel Core i5-9400 @ 2.90GHz,9478
761,AMD Ryzen 5 2500X,9438
762,AMD Ryzen 5 PRO 3350G,9431
763,Intel Xeon E5-4620 v2 @ 2.60GHz,9390
764,Intel Xeon E5-4655 v3 @ 2.90GHz,9377
765,Intel Core i7-4930K @ 3.40GHz,9373
766,Intel Xeon E5-2680 @ 2.70GHz,9372
767,Intel Core i5-8500B @ 3.00GHz,9357
768,AMD Ryzen 5 3350GE,9343
769,AMD Ryzen 5 3400G,9338
770,AMD Ryzen 5 PRO 1500,9336
771,Intel Xeon E-2144G @ 3.60GHz,9322
772,Intel Xeon E5-4627 v2 @ 3.30GHz,9320
773,AMD Ryzen 5 PRO 3400G,9295
774,Intel Xeon E5-1650 v2 @ 3.50GHz,9291
775,Intel Xeon E3-1285 v6 @ 4.10GHz,9276
776,Intel Xeon Silver 4108 @ 1.80GHz,9262
777,Intel Core i5-8400 @ 2.80GHz,9240
778,Intel Core i7-1160G7 @ 1.20GHz,9229
779,Intel Xeon D-1587 @ 1.70GHz,9223
780,Intel Xeon E5-2651 v2 @ 1.80GHz,9216
781,Intel Core i5-9500TE @ 2.20GHz,9212
782,Intel Xeon E3-1275 v6 @ 3.80GHz,9202
783,Intel Xeon E5-2620 v4 @ 2.10GHz,9187
784,Intel Xeon E3-1280 v6 @ 3.90GHz,9179
785,Intel Core i3-10300 @ 3.70GHz,9153
786,Intel Core i7-1185GRE @ 2.80GHz,9142
787,Intel Xeon E5-2629 v3 @ 2.40GHz,9139
788,AMD Ryzen 5 3350G,9113
789,Intel Core i7-9850HL @ 1.90GHz,9112
790,AMD Ryzen 5 1500X,9111
791,Intel Core i3-10105F @ 3.70GHz,9106
792,Intel Xeon D-1715TER @ 2.40GHz,9104
793,Intel Xeon D-1548 @ 2.00GHz,9075
794,Intel Xeon E5-2643 v2 @ 3.50GHz,9073
795,Intel Xeon E5-4648 v3 @ 1.70GHz,9061
796,Intel Core i7-6700K @ 4.00GHz,8971
797,Intel Xeon E5-2670 @ 2.60GHz,8958
798,Intel Xeon E5-2630L v3 @ 1.80GHz,8915
799,AMD Ryzen 5 3400GE,8900
800,Intel Xeon E5-2450 v2 @ 2.50GHz,8896
801,Intel Core i5-3170K @ 3.20GHz,8882
802,Intel Core i5-1130G7 @ 1.10GHz,8853
803,Intel Core i3-10100F @ 3.60GHz,8848
804,Intel Core i5-10400H @ 2.60GHz,8841
805,Intel Xeon E3-1270 v6 @ 3.80GHz,8840
806,Intel Core i3-10105 @ 3.70GHz,8831
807,Intel Xeon Gold 5122 @ 3.60GHz,8786
808,Intel Core i3-10100 @ 3.60GHz,8767
809,Intel Core i7-8559U @ 2.70GHz,8752
810,Intel Xeon E-2134 @ 3.50GHz,8741
811,AMD Ryzen 5 2400G,8729
812,Intel Core i7-8809G @ 3.10GHz,8713
813,Intel Xeon W-2223 @ 3.60GHz,8706
814,Intel Xeon E3-1240 v6 @ 3.70GHz,8696
815,ARM X-Gene 32 Core 3300 MHz,8684
816,Intel Core i7-7700 @ 3.60GHz,8653
817,Intel Core i5-10300H @ 2.50GHz,8647
818,Intel Xeon E5-4650 @ 2.70GHz,8630
819,Intel Xeon E5-2648L v2 @ 1.90GHz,8611
820,Intel Xeon E3-1245 v6 @ 3.70GHz,8578
821,Intel Core i7-1065G7 @ 1.30GHz,8551
822,Apple A14 Bionic,8527
823,Intel Core i7-1180G7 @ 1.30GHz,8514
824,Intel Core i5-1035G7 @ 1.20GHz,8502
825,Intel Core i7-3960X @ 3.30GHz,8496
826,AMD Ryzen Embedded V1807B,8491
827,Intel Xeon W-2123 @ 3.60GHz,8489
828,Intel Xeon E3-1275 v5 @ 3.60GHz,8481
829,Intel Core i7-8569U @ 2.80GHz,8479
830,Intel Xeon E5-4650L @ 2.60GHz,8472
831,Intel Core i5-9600T @ 2.30GHz,8464
832,Intel Xeon E5-2628 v3 @ 2.50GHz,8447
833,Intel Xeon E5-1660 @ 3.30GHz,8421
834,Intel Xeon E5-2665 @ 2.40GHz,8411
835,Intel Xeon E3-1585 v5 @ 3.50GHz,8408
836,AMD Ryzen 5 PRO 2400G,8399
837,Intel Core i7-3970X @ 3.50GHz,8396
838,Intel Core i7-8706G @ 3.10GHz,8388
839,Intel Core i5-10200H @ 2.40GHz,8358
840,AMD Ryzen Embedded V1756B,8339
841,Intel Xeon E3-1280 v5 @ 3.70GHz,8332
842,AMD Opteron 6386 SE,8320
843,Intel Xeon E3-1270 v5 @ 3.60GHz,8314
844,Intel Xeon E3-1240 v5 @ 3.50GHz,8294
845,Intel Core i5-8600T @ 2.30GHz,8293
846,Intel Core i5-9400H @ 2.50GHz,8289
847,AMD Ryzen 5 PRO 3400GE,8270
848,Intel Core i5-9500T @ 2.20GHz,8263
849,Intel Xeon E5-2470 @ 2.30GHz,8262
850,AMD Ryzen 7 3750H,8261
851,Intel Core i7-3930K @ 3.20GHz,8250
852,Intel Core i3-10100E @ 3.20GHz,8229
853,Intel Xeon E3-1230 v6 @ 3.50GHz,8206
854,Intel Core i7-8557U @ 1.70GHz,8192
855,Intel Xeon E3-1535M v6 @ 3.10GHz,8189
856,Intel Xeon E-2276ME @ 2.80GHz,8167
857,Intel Core i3-10305T @ 3.00GHz,8136
858,Intel Xeon E3-1260L v5 @ 2.90GHz,8121
859,Intel Core i3-10300T @ 3.00GHz,8119
860,MediaTek MT6983,8112
861,Intel Core i5-1035G4 @ 1.10GHz,8110
862,Intel Xeon E5-2660 @ 2.20GHz,8104
863,Intel Xeon E-2314 @ 2.80GHz,8091
864,Intel Core i7-6700 @ 3.40GHz,8086
865,Intel Xeon E5-1650 @ 3.20GHz,8081
866,AMD Athlon Gold PRO 4150GE,8070
867,Intel Core i5-8259U @ 2.30GHz,8067
868,Intel Xeon E3-1285L v4 @ 3.40GHz,8059
869,Intel Core i7-4790K @ 4.00GHz,8059
870,Intel Core i5-8269U @ 2.60GHz,8055
871,AMD Opteron 6348,8030
872,Intel Xeon E3-1585L v5 @ 3.00GHz,8021
873,Intel Core i5-8400H @ 2.50GHz,8013
874,Intel Core i7-10810U @ 1.10GHz,7998
875,CentaurHauls @2500MHz,7969
876,AMD Ryzen 5 3550H,7963
877,Intel Xeon E3-1230 v5 @ 3.40GHz,7950
878,Intel Xeon E3-1515M v5 @ 2.80GHz,7938
879,Intel Xeon E3-1245 v5 @ 3.50GHz,7933
880,Intel Core i7-8705G @ 3.10GHz,7932
881,Intel Xeon E3-1545M v5 @ 2.90GHz,7926
882,Intel Core i7-8709G @ 3.10GHz,7921
883,Intel Core i5-8260U @ 1.60GHz,7897
884,Intel Xeon E5-2620 v3 @ 2.40GHz,7880
885,AMD Ryzen 5 2600H,7876
886,Intel Core i3-10105T @ 3.00GHz,7850
887,Intel Core i5-9400T @ 1.80GHz,7815
888,Intel Core i7-5775C @ 3.30GHz,7803
889,AMD Ryzen 5 1400,7787
890,Intel Xeon E5-2640 v2 @ 2.00GHz,7785
891,Intel Core i7-5775R @ 3.30GHz,7777
892,Intel Core i5-9300H @ 2.40GHz,7756
893,Intel Core i5-8279U @ 2.40GHz,7732
894,Intel Xeon E3-1575M v5 @ 3.00GHz,7728
895,Intel Xeon E3-1285 v4 @ 3.50GHz,7712
896,AMD Athlon Gold PRO 3150G,7702
897,Intel Core i7-5950HQ @ 2.90GHz,7696
898,Intel Core i3-9350K @ 4.00GHz,7694
899,Intel Core i5-8500T @ 2.10GHz,7692
900,AMD Ryzen 5 3550U,7681
901,Intel Core i5-8257U @ 1.40GHz,7666
902,Intel Xeon E3-1270L v4 @ 3.00GHz,7662
903,AMD Ryzen 5 2400GE,7661
904,AMD Ryzen 7 2800H,7656
905,AMD Ryzen 7 3780U,7651
906,Intel Xeon E5-1630 v4 @ 3.70GHz,7643
907,Intel Xeon E-2224G @ 3.50GHz,7621
908,Intel Core i7-7700T @ 2.90GHz,7608
909,Intel Core i5-1035G1 @ 1.00GHz,7594
910,"Qualcomm Technologies, Inc KONA-IOT",7592
911,Intel Core i5-9300HF @ 2.40GHz,7590
912,AMD Ryzen 3 2300X,7585
913,MediaTek MT6895,7572
914,AMD Ryzen 5 PRO 2400GE,7564
915,AMD Ryzen 3 4300U,7557
916,Intel Core i7-7820HK @ 2.90GHz,7551
917,Intel Core i5-8300H @ 2.30GHz,7535
918,Intel Xeon E5-2450 @ 2.10GHz,7530
919,Intel Xeon E3-1535M v5 @ 2.90GHz,7525
920,Intel Core i7-7920HQ @ 3.10GHz,7512
921,Intel Xeon E3-1271 v3 @ 3.60GHz,7502
922,Intel Xeon E5-2630 v2 @ 2.60GHz,7499
923,AMD Ryzen 3 PRO 1300,7498
924,Intel Xeon E5-2667 @ 2.90GHz,7498
925,Intel Xeon E5-2650L v2 @ 1.70GHz,7475
926,Intel Xeon E-2124G @ 3.40GHz,7468
927,Intel Core i5-8400T @ 1.70GHz,7466
928,Intel Xeon D-1531 @ 2.20GHz,7460
929,Intel Xeon E3-1281 v3 @ 3.70GHz,7458
930,Intel Xeon E5-2637 v3 @ 3.50GHz,7455
931,Intel Core i7-7820EQ @ 3.00GHz,7453
932,Intel Xeon E5-2608L v4 @ 1.60GHz,7447
933,Intel Xeon E5-1630 v3 @ 3.70GHz,7443
934,Intel Xeon E5-1620 v4 @ 3.50GHz,7429
935,Intel Xeon E3-1286 v3 @ 3.70GHz,7418
936,Intel Core i7-6920HQ @ 2.90GHz,7395
937,AMD Ryzen 5 3580U,7383
938,Intel Xeon @ 2.00GHz,7363
939,Intel Core i3-10100T @ 3.00GHz,7363
940,Intel Core i3-9320 @ 3.70GHz,7358
941,Intel Xeon D-1559 @ 1.50GHz,7353
942,Intel Xeon E3-1280 v3 @ 3.60GHz,7352
943,Intel Xeon E3-1276 v3 @ 3.60GHz,7351
944,Intel Xeon E5-2650 @ 2.00GHz,7328
945,AMD Ryzen 7 PRO 3700U,7324
946,AMD Ryzen 7 PRO 2700U,7321
947,Intel Core i3-9350KF @ 4.00GHz,7318
948,AMD Ryzen 3 3200GE,7317
949,Intel Xeon E3-1270 v3 @ 3.50GHz,7301
950,Intel Core i7-995X @ 3.60GHz,7297
951,Intel Xeon E5-2637 v4 @ 3.50GHz,7281
952,AMD Opteron 6281,7279
953,Intel Core i3-9300 @ 3.70GHz,7279
954,AMD Ryzen 7 3700U,7250
955,Intel Core i7-6700T @ 2.80GHz,7246
956,Intel Xeon E3-1246 v3 @ 3.50GHz,7244
957,Intel Core i7-4790 @ 3.60GHz,7235
958,Intel Xeon E5-4610 v3 @ 1.70GHz,7229
959,Intel Xeon E-2224 @ 3.40GHz,7223
960,Intel Xeon W3690 @ 3.47GHz,7223
961,Intel Xeon E3-1275 v3 @ 3.50GHz,7200
962,AMD Ryzen 3 3200G,7188
963,Intel Xeon E5-2628L v2 @ 1.90GHz,7181
964,Intel Xeon D-1537 @ 1.70GHz,7176
965,Intel Xeon D-1539 @ 1.60GHz,7175
966,Intel Core i7-7820HQ @ 2.90GHz,7153
967,Intel Xeon E5-2430 v2 @ 2.50GHz,7147
968,AMD Ryzen 7 3700C,7145
969,Intel Core i7-4940MX @ 3.10GHz,7137
970,Intel Core i7-4770K @ 3.50GHz,7135
971,Intel Core i7-990X @ 3.47GHz,7123
972,Intel Xeon D-1557 @ 1.50GHz,7118
973,Intel Xeon E3-1241 v3 @ 3.50GHz,7099
974,Intel Xeon X5679 @ 3.20GHz,7095
975,AMD Athlon Gold 3150G,7093
976,Intel Core i7-6770HQ @ 2.60GHz,7088
977,Intel Xeon E3-1505M v6 @ 3.00GHz,7083
978,MT6893Z_B/CZA,7081
979,AMD Ryzen 3 PRO 3200GE,7071
980,AMD Athlon Gold PRO 3150GE,7068
981,AMD Ryzen 5 3500U,7066
982,Intel Xeon E3-1240 v3 @ 3.40GHz,7063
983,Intel Core i7-5850EQ @ 2.70GHz,7036
984,Intel Core i7-10610U @ 1.80GHz,7036
985,Intel Core i7-4771 @ 3.50GHz,7031
986,Intel Core i7-4770 @ 3.40GHz,7031
